{"cameraMode":{"drawMode":0,"name":"Shaded","section":"Shading Mode"},"sceneLighting":false,"audioPlay":false,"sceneViewState":{"m_AlwaysRefresh":false,"showFog":true,"showSkybox":true,"showFlares":true,"showImageEffects":true,"showParticleSystems":true,"showVisualEffectGraphs":true,"m_FxEnabled":true},"in2DMode":false,"pivot":{"x":614.6314697265625,"y":257.9095153808594,"z":-15.606895446777344},"rotation":{"x":0.1303958296775818,"y":0.025273654609918596,"z":-0.0033313781023025514,"w":0.9911518692970276},"size":66.52738952636719,"orthographic":false}