{"cameraMode":{"drawMode":0,"name":"Shaded","section":"Shading Mode"},"sceneLighting":false,"audioPlay":false,"sceneViewState":{"m_AlwaysRefresh":false,"showFog":true,"showSkybox":true,"showFlares":true,"showImageEffects":true,"showParticleSystems":true,"showVisualEffectGraphs":true,"m_FxEnabled":true},"in2DMode":false,"pivot":{"x":-1.9003407955169678,"y":1.8076355457305909,"z":-4.782862186431885},"rotation":{"x":0.16220694780349732,"y":0.10192786902189255,"z":-0.01685383915901184,"w":0.9813517332077026},"size":2.778219699859619,"orthographic":false}