{"cameraMode":{"drawMode":0,"name":"Shaded","section":"Shading Mode"},"sceneLighting":true,"audioPlay":false,"sceneViewState":{"m_AlwaysRefresh":false,"showFog":true,"showSkybox":true,"showFlares":true,"showImageEffects":true,"showParticleSystems":true,"showVisualEffectGraphs":true,"m_FxEnabled":true},"in2DMode":false,"pivot":{"x":123.63691711425781,"y":32.639312744140628,"z":-10.391592979431153},"rotation":{"x":-0.09168073534965515,"y":0.0020889125298708679,"z":-0.00019187074212823063,"w":-0.9957889914512634},"size":49.243072509765628,"orthographic":false}