{"cameraMode":{"drawMode":0,"name":"Shaded","section":"Shading Mode"},"sceneLighting":false,"audioPlay":false,"sceneViewState":{"m_AlwaysRefresh":false,"showFog":true,"showSkybox":true,"showFlares":true,"showImageEffects":true,"showParticleSystems":true,"showVisualEffectGraphs":true,"m_FxEnabled":true},"in2DMode":false,"pivot":{"x":-2.5164918899536135,"y":1.4200000762939454,"z":-4.4888081550598148},"rotation":{"x":-0.02001643180847168,"y":-0.09911443293094635,"z":0.00192941480781883,"w":-0.9949454665184021},"size":12.139752388000489,"orthographic":true}